year,team,stage,mp,gf,ga,poss,pass_acc,shots_pg,xg,avg_age,gf_pg,ga_pg,gd_pg,xg_pg
2014,Germany,6,7,18,4,60.7,85.9,14.3,17.2,27.1,2.5714285714285716,0.5714285714285714,2.0,2.457142857142857
2014,Argentina,5,7,8,4,55.0,83.8,15.7,9.4,28.2,1.1428571428571428,0.5714285714285714,0.5714285714285714,1.342857142857143
2014,Netherlands,4,7,15,4,49.6,81.0,12.9,14.2,27.6,2.142857142857143,0.5714285714285714,1.5714285714285714,2.0285714285714285
2014,Brazil,4,7,11,14,52.9,80.9,16.0,12.4,27.3,1.5714285714285714,2.0,-0.4285714285714286,1.7714285714285716
2014,Belgium,3,5,6,3,51.3,81.5,18.8,7.2,26.1,1.2,0.6,0.6,1.44
2014,Colombia,3,5,12,4,45.8,78.1,11.6,11.4,26.4,2.4,0.8,1.5999999999999999,2.2800000000000002
2014,Costa Rica,3,5,5,2,40.3,75.6,8.0,4.8,26.8,1.0,0.4,0.6,0.96
2014,France,3,5,10,3,56.9,84.3,18.2,10.4,26.3,2.0,0.6,1.4,2.08
2014,Algeria,2,4,7,7,39.1,71.9,9.3,6.2,27.2,1.75,1.75,0.0,1.55
2014,Chile,2,4,6,4,54.3,79.2,10.3,7.4,27.1,1.5,1.0,0.5,1.85
2014,Greece,2,4,3,5,45.8,81.1,14.8,3.4,28.4,0.75,1.25,-0.5,0.85
2014,Mexico,2,4,5,3,48.8,79.8,10.3,5.8,26.8,1.25,0.75,0.5,1.45
2014,Nigeria,2,4,3,5,48.7,80.7,13.0,3.8,25.6,0.75,1.25,-0.5,0.95
2014,Switzerland,2,4,7,7,48.9,80.4,16.8,7.8,27.3,1.75,1.75,0.0,1.95
2014,Uruguay,2,4,4,6,45.9,75.0,11.5,4.8,28.1,1.0,1.5,-0.5,1.2
2014,USA,2,4,5,6,43.8,81.5,11.3,5.4,27.3,1.25,1.5,-0.25,1.35
2014,Australia,1,3,3,9,42.0,80.3,9.3,3.2,27.8,1.0,3.0,-2.0,1.0666666666666667
2014,Bosnia,1,3,4,4,54.6,84.6,16.3,4.2,27.4,1.3333333333333333,1.3333333333333333,0.0,1.4000000000000001
2014,Cameroon,1,3,1,9,42.3,77.9,14.7,1.8,27.6,0.3333333333333333,3.0,-2.6666666666666665,0.6
2014,Croatia,1,3,6,6,50.7,79.8,13.3,5.8,27.8,2.0,2.0,0.0,1.9333333333333333
2014,Ecuador,1,3,3,3,40.0,72.4,10.7,3.2,26.4,1.0,1.0,0.0,1.0666666666666667
2014,England,1,3,2,4,54.3,84.5,13.3,3.4,26.3,0.6666666666666666,1.3333333333333333,-0.6666666666666666,1.1333333333333333
2014,Ghana,1,3,4,6,46.4,78.6,19.7,4.2,26.1,1.3333333333333333,2.0,-0.6666666666666667,1.4000000000000001
2014,Honduras,1,3,1,8,47.2,78.3,11.0,1.4,27.1,0.3333333333333333,2.6666666666666665,-2.333333333333333,0.4666666666666666
2014,Iran,1,3,1,4,30.1,69.5,7.7,1.8,28.1,0.3333333333333333,1.3333333333333333,-1.0,0.6
2014,Italy,1,3,2,3,57.5,88.2,11.0,3.8,28.6,0.6666666666666666,1.0,-0.33333333333333337,1.2666666666666666
2014,Japan,1,3,2,6,59.7,83.1,16.7,3.2,27.4,0.6666666666666666,2.0,-1.3333333333333335,1.0666666666666667
2014,Portugal,1,3,4,7,51.5,84.9,18.3,5.2,27.6,1.3333333333333333,2.3333333333333335,-1.0000000000000002,1.7333333333333334
2014,Russia,1,3,2,3,52.0,79.7,14.3,2.8,27.3,0.6666666666666666,1.0,-0.33333333333333337,0.9333333333333332
2014,South Korea,1,3,3,6,52.9,81.6,12.3,3.4,27.1,1.0,2.0,-1.0,1.1333333333333333
2014,Spain,1,3,4,7,61.1,85.0,13.3,6.2,28.4,1.3333333333333333,2.3333333333333335,-1.0000000000000002,2.066666666666667
2014,Côte d'Ivoire,1,3,4,5,56.6,85.9,15.3,4.2,28.2,1.3333333333333333,1.6666666666666667,-0.3333333333333335,1.4000000000000001
2018,France,6,7,14,6,48.3,82.3,11.7,9.98,26.4,2.0,0.8571428571428571,1.1428571428571428,1.4257142857142857
2018,Croatia,5,7,14,9,57.2,81.5,16.6,11.06,28.1,2.0,1.2857142857142858,0.7142857142857142,1.58
2018,Belgium,4,7,16,6,52.6,87.1,15.0,12.53,27.3,2.2857142857142856,0.8571428571428571,1.4285714285714284,1.7899999999999998
2018,England,4,7,12,8,54.1,86.0,13.0,11.0,26.1,1.7142857142857142,1.1428571428571428,0.5714285714285714,1.5714285714285714
2018,Brazil,3,5,8,3,59.1,88.8,21.2,13.26,27.4,1.6,0.6,1.0,2.652
2018,Russia,3,5,11,7,35.8,71.3,10.0,5.01,27.8,2.2,1.4,0.8000000000000003,1.002
2018,Sweden,3,5,6,4,36.8,72.3,11.4,8.6,28.3,1.2,0.8,0.3999999999999999,1.72
2018,Uruguay,3,5,7,3,47.4,79.8,11.8,6.69,28.6,1.4,0.6,0.7999999999999999,1.338
2018,Argentina,2,4,6,9,66.2,85.3,14.8,5.13,28.4,1.5,2.25,-0.75,1.2825
2018,Colombia,2,4,6,3,50.3,80.4,10.0,3.8,27.2,1.5,0.75,0.75,0.95
2018,Denmark,2,4,3,2,43.1,79.4,10.0,3.66,27.4,0.75,0.5,0.25,0.915
2018,Japan,2,4,6,7,53.5,84.3,10.5,5.0,27.8,1.5,1.75,-0.25,1.25
2018,Mexico,2,4,3,6,51.4,84.0,14.5,5.32,27.1,0.75,1.5,-0.75,1.33
2018,Portugal,2,4,6,6,54.6,84.0,13.0,3.78,27.8,1.5,1.5,0.0,0.945
2018,Spain,2,4,7,6,74.6,91.9,17.5,7.65,28.2,1.75,1.5,0.25,1.9125
2018,Switzerland,2,4,5,5,58.9,84.9,14.3,4.69,27.6,1.25,1.25,0.0,1.1725
2018,Australia,1,3,2,5,51.6,84.0,10.3,3.27,27.4,0.6666666666666666,1.6666666666666667,-1.0,1.09
2018,Costa Rica,1,3,2,5,39.0,77.8,9.0,2.68,27.6,0.6666666666666666,1.6666666666666667,-1.0,0.8933333333333334
2018,Egypt,1,3,2,6,42.5,77.0,10.0,3.07,26.8,0.6666666666666666,2.0,-1.3333333333333335,1.0233333333333332
2018,Germany,1,3,2,4,73.2,88.9,23.0,5.93,27.2,0.6666666666666666,1.3333333333333333,-0.6666666666666666,1.9766666666666666
2018,Iceland,1,3,2,5,32.4,69.5,11.7,4.29,27.6,0.6666666666666666,1.6666666666666667,-1.0,1.43
2018,Iran,1,3,2,2,27.0,63.2,7.7,2.85,27.3,0.6666666666666666,0.6666666666666666,0.0,0.9500000000000001
2018,Morocco,1,3,2,4,48.2,79.6,11.7,1.69,27.4,0.6666666666666666,1.3333333333333333,-0.6666666666666666,0.5633333333333334
2018,Nigeria,1,3,3,4,45.8,77.8,13.0,3.39,26.3,1.0,1.3333333333333333,-0.33333333333333326,1.1300000000000001
2018,Panama,1,3,2,11,36.1,81.2,8.0,2.55,28.4,0.6666666666666666,3.6666666666666665,-3.0,0.85
2018,Peru,1,3,2,2,50.7,81.1,10.3,2.68,28.2,0.6666666666666666,0.6666666666666666,0.0,0.8933333333333334
2018,Poland,1,3,2,5,50.7,82.3,10.7,3.54,28.1,0.6666666666666666,1.6666666666666667,-1.0,1.18
2018,Saudi Arabia,1,3,2,7,59.2,86.6,12.3,3.32,27.2,0.6666666666666666,2.3333333333333335,-1.666666666666667,1.1066666666666667
2018,Senegal,1,3,4,4,40.6,76.1,11.0,3.34,26.8,1.3333333333333333,1.3333333333333333,0.0,1.1133333333333333
2018,Serbia,1,3,2,4,42.4,78.8,11.3,3.54,27.4,0.6666666666666666,1.3333333333333333,-0.6666666666666666,1.18
2018,South Korea,1,3,3,3,36.9,77.6,11.0,2.53,27.6,1.0,1.0,0.0,0.8433333333333333
2018,Tunisia,1,3,5,8,52.7,83.2,11.7,4.21,27.1,1.6666666666666667,2.6666666666666665,-0.9999999999999998,1.4033333333333333
2022,Argentina,6,7,15,7,57.4,85.3,3.9,15.1,27.5,2.142857142857143,1.0,1.1428571428571428,2.157142857142857
2022,France,5,7,16,8,51.3,85.6,4.4,13.8,26.3,2.2857142857142856,1.1428571428571428,1.1428571428571428,1.9714285714285715
2022,Croatia,4,7,8,7,54.3,84.6,3.1,7.0,28.3,1.1428571428571428,1.0,0.1428571428571428,1.0
2022,Morocco,4,7,6,4,39.0,76.8,2.0,6.6,26.3,0.8571428571428571,0.5714285714285714,0.2857142857142857,0.9428571428571428
2022,Brazil,3,5,8,3,56.2,86.8,4.8,12.0,27.6,1.6,0.6,1.0,2.4
2022,England,3,5,13,4,62.8,86.3,5.0,8.6,26.1,2.6,0.8,1.8,1.72
2022,Netherlands,3,5,10,4,53.0,85.8,3.6,4.6,26.8,2.0,0.8,1.2,0.9199999999999999
2022,Portugal,3,5,12,6,60.4,86.4,4.4,7.9,26.9,2.4,1.2,1.2,1.58
2022,Australia,2,4,3,6,37.8,76.4,2.3,2.3,27.8,0.75,1.5,-0.75,0.575
2022,Japan,2,4,5,4,35.8,75.6,1.8,5.0,28.0,1.25,1.0,0.25,1.25
2022,Poland,2,4,3,5,37.3,79.8,2.0,4.5,27.8,0.75,1.25,-0.5,1.125
2022,Senegal,2,4,5,7,44.8,79.4,2.3,4.5,26.9,1.25,1.75,-0.5,1.125
2022,South Korea,2,4,5,8,48.3,79.2,2.3,4.6,28.2,1.25,2.0,-0.75,1.15
2022,Spain,2,4,9,3,75.8,91.2,4.5,6.2,25.5,2.25,0.75,1.5,1.55
2022,Switzerland,2,4,5,9,49.0,83.6,2.8,5.5,27.6,1.25,2.25,-1.0,1.375
2022,USA,2,4,3,4,53.0,84.8,2.8,4.1,24.5,0.75,1.0,-0.25,1.025
2022,Belgium,1,3,1,2,57.0,85.6,3.0,4.7,29.7,0.3333333333333333,0.6666666666666666,-0.3333333333333333,1.5666666666666667
2022,Cameroon,1,3,4,4,41.7,75.8,2.0,3.4,27.2,1.3333333333333333,1.3333333333333333,0.0,1.1333333333333333
2022,Canada,1,3,1,7,52.0,83.4,2.7,4.2,27.3,0.3333333333333333,2.3333333333333335,-2.0,1.4000000000000001
2022,Costa Rica,1,3,3,11,31.3,72.8,1.3,1.4,29.7,1.0,3.6666666666666665,-2.6666666666666665,0.4666666666666666
2022,Denmark,1,3,1,3,60.0,86.2,2.3,2.7,26.6,0.3333333333333333,1.0,-0.6666666666666667,0.9
2022,Ecuador,1,3,4,3,53.3,79.4,2.3,3.7,24.9,1.3333333333333333,1.0,0.33333333333333326,1.2333333333333334
2022,Germany,1,3,6,5,59.3,88.6,4.7,10.1,27.3,2.0,1.6666666666666667,0.33333333333333326,3.3666666666666667
2022,Ghana,1,3,5,7,42.0,76.8,2.3,4.1,25.5,1.6666666666666667,2.3333333333333335,-0.6666666666666667,1.3666666666666665
2022,Iran,1,3,4,7,36.7,72.6,1.7,3.2,28.5,1.3333333333333333,2.3333333333333335,-1.0000000000000002,1.0666666666666667
2022,Mexico,1,3,2,3,54.0,83.8,2.3,3.3,28.2,0.6666666666666666,1.0,-0.33333333333333337,1.0999999999999999
2022,Qatar,1,3,1,7,43.0,76.4,1.0,1.4,28.2,0.3333333333333333,2.3333333333333335,-2.0,0.4666666666666666
2022,Saudi Arabia,1,3,3,5,44.7,69.8,1.3,3.0,27.3,1.0,1.6666666666666667,-0.6666666666666667,1.0
2022,Serbia,1,3,5,8,51.3,82.6,2.7,3.4,26.5,1.6666666666666667,2.6666666666666665,-0.9999999999999998,1.1333333333333333
2022,Tunisia,1,3,1,1,44.3,79.8,1.3,2.3,26.9,0.3333333333333333,0.3333333333333333,0.0,0.7666666666666666
2022,Uruguay,1,3,2,2,48.7,85.4,3.0,3.7,27.6,0.6666666666666666,0.6666666666666666,0.0,1.2333333333333334
2022,Wales,1,3,1,6,46.7,77.8,1.7,2.7,26.8,0.3333333333333333,2.0,-1.6666666666666667,0.9
